{"cameraMode":{"drawMode":0,"name":"Shaded","section":"Shading Mode"},"sceneLighting":true,"audioPlay":false,"sceneViewState":{"showFog":true,"showMaterialUpdate":false,"showSkybox":true,"showFlares":true,"showImageEffects":true,"showParticleSystems":true},"in2DMode":false,"pivot":{"x":-0.1603795289993286,"y":0.9253016114234924,"z":-1.0001907348632813},"rotation":{"x":-0.8770318627357483,"y":0.04697292670607567,"z":-0.08763748407363892,"w":-0.4700377583503723},"size":2.134610414505005,"orthographic":false}